{"cameraMode":{"drawMode":0,"name":"Shaded","section":"Shading Mode"},"sceneLighting":false,"audioPlay":false,"sceneViewState":{"m_AlwaysRefresh":false,"showFog":true,"showSkybox":false,"showFlares":true,"showImageEffects":true,"showParticleSystems":true,"showVisualEffectGraphs":true,"m_FxEnabled":true},"in2DMode":false,"pivot":{"x":0.01769685000181198,"y":0.7841759324073792,"z":-1.0964477062225342},"rotation":{"x":0.1306779682636261,"y":-0.2459316998720169,"z":0.03347161039710045,"w":0.9598443508148193},"size":0.8660253882408142,"orthographic":false}