{"cameraMode":{"drawMode":0,"name":"Shaded","section":"Shading Mode"},"sceneLighting":true,"audioPlay":false,"sceneViewState":{"m_AlwaysRefresh":false,"showFog":true,"showSkybox":true,"showFlares":true,"showImageEffects":true,"showParticleSystems":true,"showVisualEffectGraphs":true,"m_FxEnabled":true},"in2DMode":false,"pivot":{"x":5.834036827087402,"y":2.795369863510132,"z":-0.06120604649186134},"rotation":{"x":-0.10032746195793152,"y":0.006871471647173166,"z":-0.0007003856007941067,"w":-0.9949246644973755},"size":4.414010524749756,"orthographic":false}